Workbook

Sheet Executive Dashboard
A1: ANIHG AI GOVERNANCE — SYSTEM INVENTORY DASHBOARD DEVELOPED BY DR. SAMUEL ISRAEL
A2: Portfolio view | ReadmitAI (ANIHG-AI-001) + SepsisIQ V2 (ANIHG-AI-002) | clinical deployment not authorized
A4: Systems Recorded | C4: Production Systems | E4: High / Critical Risk | G4: Pending / Under Review
A5: =COUNTA('AI System Inventory'!$A$5:$A$104) -> 2 | C5: =COUNTIF('AI System Inventory'!$L$5:$L$104,"Production") -> 0 | E5: =COUNTIF('AI System Inventory'!$Y$5:$Y$104,"High")+COUNTIF('AI System Inventory'!$Y$5:$Y$104,"Critical") -> 2 | G5: =COUNTIF('AI System Inventory'!$AQ$5:$AQ$104,"Pending")+COUNTIF('AI System Inventory'!$AQ$5:$AQ$104,"Under Review") -> 2
A7: Deployment Authorized | C7: Deployment Blocked | E7: Open / In-Progress Controls | G7: Overdue Reviews
A8: =COUNTIF('AI System Inventory'!$AS$5:$AS$104,"Yes") -> 0 | C8: =COUNTIF('AI System Inventory'!$AS$5:$AS$104,"No") -> 2 | E8: =COUNTIF('AI System Inventory'!$AA$5:$AA$104,"Open")+COUNTIF('AI System Inventory'!$AA$5:$AA$104,"In Progress") -> 2 | G8: =COUNTIF('AI System Inventory'!$AZ$5:$AZ$104,"Overdue") -> 0
A10: GOVERNANCE ATTENTION REQUIRED
A11: =IF(OR(E8>0,G8>0,G5>0),"ACTIVE — Review blocked deployment, incomplete controls/assurance, and pending governance decisions.","No priority governance alert.") -> ACTIVE — Review blocked deployment, incomplete controls/assurance, and pending governance decisions.
A15: Assurance Domain | B15: Completed | C15: Outstanding
A16: Validation | B16: =COUNTIF('AI System Inventory'!$AK$5:$AK$104,"Completed") -> 1 | C16: =COUNTA('AI System Inventory'!$A$5:$A$104)-B16 -> 1
A17: Fairness / Subgroup | B17: =COUNTIF('AI System Inventory'!$AM$5:$AM$104,"Completed") -> 2 | C17: =COUNTA('AI System Inventory'!$A$5:$A$104)-B17 -> 0
A18: Explainability | B18: =COUNTIF('AI System Inventory'!$AN$5:$AN$104,"Completed") -> 2 | C18: =COUNTA('AI System Inventory'!$A$5:$A$104)-B18 -> 0
A19: Robustness | B19: =COUNTIF('AI System Inventory'!$AO$5:$AO$104,"Completed") -> 2 | C19: =COUNTA('AI System Inventory'!$A$5:$A$104)-B19 -> 0
A20: Clinical Validation | B20: =COUNTIF('AI System Inventory'!$AP$5:$AP$104,"Completed") -> 0 | C20: =COUNTA('AI System Inventory'!$A$5:$A$104)-B20 -> 2
A21: Monitoring Active | B21: =COUNTIF('AI System Inventory'!$AV$5:$AV$104,"Active") -> 0 | C21: =COUNTA('AI System Inventory'!$A$5:$A$104)-B21 -> 2

Sheet AI System Inventory
A1: ANIHG AI SYSTEM INVENTORY
A2: Authoritative register for AI systems, governance status, assurance evidence, approvals, monitoring and reassessment.
A4: AI System ID | B4: AI System Name | C4: Business Purpose / Intended Use | D4: Business Owner | E4: Technical Owner | F4: Team / Function | G4: Vendor / Build Type | H4: Product / Model / Version | I4: AI Type | J4: Lifecycle Stage | K4: Deployment Environment | L4: Deployment Status | M4: Authorized Users | N4: Affected Population | O4: Data Inputs | P4: Data Source(s) | Q4: Sensitive / Regulated Data? | R4: Outputs / Destinations | S4: External Integrations | T4: Automated Actions? | U4: Human Review Requirement | V4: Human Decision Authority | W4: Decision Impact | X4: Override / Escalation Mechanism | Y4: AI Risk Tier | Z4: Linked AI Risk Register ID(s) | AA4: Control Status | AB4: Material Control Gaps | AC4: AI Impact Assessment ID | AD4: Model Card ID | AE4: Legal / Regulatory Role | AF4: Primary Jurisdiction | AG4: Applicable Regulation / Requirement | AH4: Regulatory Classification | AI4: ISO/IEC 42001 Linkage | AJ4: NIST AI RMF Linkage | AK4: Validation Status | AL4: Performance Evidence | AM4: Fairness / Subgroup Assessment | AN4: Explainability Assessment | AO4: Robustness Assessment | AP4: Clinical / Domain Validation | AQ4: Approval Status | AR4: Approving Authority | AS4: Deployment Authorization | AT4: Approval Conditions / Restrictions | AU4: Evidence Repository / Link | AV4: Monitoring Status | AW4: Monitoring Plan / Evidence | AX4: Last Review Date | AY4: Next Review Date | AZ4: Review Status | BA4: Days to Review | BB4: Reassessment Triggers / Notes
A5: ANIHG-AI-001 | B5: 30-Day Diabetes Readmission Clinical AI | C5: Predict probability of hospital readmission within 30 days among adult patients with diabetes and identify patients who may warrant prioritized human review and discharge-planning attention. | D5: ANIHG — Clinical AI Program / designated accountable clinical owner | E5: ANIHG — Clinical AI / Data Science Function | F5: Clinical AI & Healthcare Analytics | G5: Internal Build | H5: XGBoost classification model / current validated prototype version | I5: Predictive Model | J5: Validation | K5: Local | L5: Prototype | M5: Project developer/evaluator; future clinical users subject to authorization | N5: Adult patients with diabetes represented within the intended hospital readmission use case | O5: Selected demographic, encounter, clinical and prior healthcare-utilization features | P5: UCI Diabetes 130-US Hospitals for Years 1999–2008 dataset (diabetic_data.csv) | Q5: Yes | R5: 30-day readmission probability, threshold-based advisory classification, and model explanation presented through prototype interface | S5: None | T5: No | U5: Required | V5: Qualified healthcare professional / authorized clinical decision-maker | W5: Advisory | X5: AI output does not independently determine patient management. Authorized clinician retains authority to accept, disregard, or escalate the advisory output. | Y5: High | Z5: To be linked to applicable ANIHG Risk Register records | AA5: In Progress | AB5: Fairness/subgroup evaluation, robustness evaluation, monitoring framework, formal governance authorization and production controls remain incomplete. | AC5: Not yet assigned | AD5: ANIHG-MC-001 — planned | AE5: Provider / Developer — portfolio simulation classification; jurisdiction-specific determination required before real deployment | AF5: Not assigned for prototype | AG5: To be determined before real-world clinical deployment based on deployment jurisdiction and intended medical use | AH5: Not Formally Determined | AI5: AI governance, risk management, lifecycle management, documented information, monitoring and continual improvement controls, as applicable | AJ5: GOVERN; MAP; MEASURE; MANAGE | AK5: In Progress | AL5: Model development/validation notebook and generated project artifacts; operating threshold 0.12 | AM5: Completed | AN5: Completed | AO5: Completed | AP5: In Progress | AQ5: Under Review | AR5: Not yet assigned — simulated ANIHG governance authorization required before deployment | AS5: No | AT5: Research, portfolio demonstration and prototype evaluation only. Not authorized for autonomous or real-world clinical decision-making. | AU5: Diabetes Readmission AI project notebook, validation artifacts, explainability artifacts and Streamlit prototype repository | AV5: Not Established | AW5: Pending | AX5: 46297 | AZ5: =IF(A5="","",IF(AY5="","No Date",IF(AY5<TODAY(),"Overdue",IF(AY5<=TODAY()+30,"Due Soon","Current")))) -> No Date | BA5: =IF(A5="","",IF(AY5="","",AY5-TODAY())) | BB5: Reassess after material model/version, feature, threshold, dataset, intended-use or population change; performance degradation; subgroup disparity; drift; safety incident; integration or regulatory change; or proposed clinical deployment.
A6: ANIHG-AI-002 | B6: SepsisIQ V2 — ICU Sepsis Risk Intelligence & Clinical AI Governance Prototype | C6: Public clinical AI product demonstration integrating ICU sepsis risk prediction, model evaluation, safety evidence, governance and readiness assessment; no patient-care use authorized. | D6: Dr. Samuel Israel, MD — developer/portfolio owner; institutional clinical owner not appointed | E6: Dr. Samuel Israel, MD — technical developer | F6: Clinical AI & Healthcare Analytics / AI Governance | G6: Internal Build | H6: SepsisIQ V2 / B03 frozen HistGradientBoostingClassifier / OP07 0.004 | I6: Predictive Model | J6: Validation | K6: Cloud SaaS | L6: Prototype | M6: Public demonstration users; no authorized clinical users | N6: Retrospective ICU population in PhysioNet/CinC 2019; future clinical population not approved | O6: 230 approved predictors: physiology, care-process and context/history features; fixed Train-derived demonstration trajectories only | P6: PhysioNet/CinC 2019 (CC BY 4.0); 40,336 analytical patients; 1,527,226 patient-hours | Q6: Yes | R6: Calibrated sepsis-related probability, OP07 threshold review indicator; retrospective performance, safety and governance dashboards | S6: GitHub source repository and Streamlit Community Cloud hosting; no EHR or hospital system integration | T6: No | U6: Required for any future clinical workflow; current app demonstration only | V6: Qualified clinician under institutionally approved governance, if ever authorized | W6: Advisory | X6: No clinical actions enabled; two fixed demonstration cases; no patient uploads; institutional escalation procedures not implemented | Y6: High | Z6: ANIHG-AI-002 — SepsisIQ V2 AI Risk Register (24 project-specific risks) | AA6: In Progress | AB6: False-negative risk, PPV 1.12%, alert burden, temporal instability, external transportability, subgroup assurance, prospective safety and institutional approvals unresolved | AC6: Not assigned; formal institutional AIA required before clinical use | AD6: ANIHG-MC-002 — SepsisIQ V2 Model Card | AE6: Developer / portfolio demonstration; medical-device regulatory classification not determined | AF6: Public cloud hosting; clinical-use jurisdiction not assigned | AG6: Jurisdiction-specific healthcare AI, privacy, security and medical-device obligations require determination before clinical implementation | AH6: Not Formally Determined | AI6: Governance, risk management, lifecycle, evidence, human oversight and monitoring control mapping; no certification claimed | AJ6: GOVERN; MAP; MEASURE; MANAGE | AK6: Completed | AL6: Held-out Test: 6,051 patients, 228,452 patient-hours; ROC-AUC 0.834478; PR-AUC 0.012340; sensitivity 48.41%; specificity 91.77%; PPV 1.12%; Brier 0.001914; 8.31 flags/100 patient-hours; 69.00% patients flagged ≥1 | AM6: Completed | AN6: Completed | AO6: Completed | AP6: In Progress | AQ6: Under Review | AR6: Not appointed; independent institutional approval required | AS6: No | AT6: Public portfolio demonstration only. No live clinical monitoring, diagnosis, triage, treatment or EHR integration; prospective silent validation conditional on approval | AU6: https://github.com/drsam-israel/SepsisIQ-V2 ; https://sepsisiq-v2-bfne2qdqhntja2a2pxqgxf.streamlit.app/ ; ANIHG-MC-002 ; Clinical AI Model Evaluation Report | AV6: Designed | AW6: Governance monitoring and safety-stop design documented; not deployed as a prospective clinical monitoring system | AX6: 46305 | AZ6: =IF(A6="","",IF(AY6="","No Date",IF(AY6<TODAY(),"Overdue",IF(AY6<=TODAY()+30,"Due Soon","Current")))) -> No Date | BA6: =IF(A6="","",IF(AY6="","",AY6-TODAY())) | BB6: Reassess on model/threshold/feature changes, new clinical data or hospital context, drift, subgroup disparity, security incident, regulatory change, or any proposal for prospective or live clinical use.
AZ7: =IF(A7="","",IF(AY7="","No Date",IF(AY7<TODAY(),"Overdue",IF(AY7<=TODAY()+30,"Due Soon","Current")))) | BA7: =IF(A7="","",IF(AY7="","",AY7-TODAY()))
AZ8: =IF(A8="","",IF(AY8="","No Date",IF(AY8<TODAY(),"Overdue",IF(AY8<=TODAY()+30,"Due Soon","Current")))) | BA8: =IF(A8="","",IF(AY8="","",AY8-TODAY()))
AZ9: =IF(A9="","",IF(AY9="","No Date",IF(AY9<TODAY(),"Overdue",IF(AY9<=TODAY()+30,"Due Soon","Current")))) | BA9: =IF(A9="","",IF(AY9="","",AY9-TODAY()))
AZ10: =IF(A10="","",IF(AY10="","No Date",IF(AY10<TODAY(),"Overdue",IF(AY10<=TODAY()+30,"Due Soon","Current")))) | BA10: =IF(A10="","",IF(AY10="","",AY10-TODAY()))
AZ11: =IF(A11="","",IF(AY11="","No Date",IF(AY11<TODAY(),"Overdue",IF(AY11<=TODAY()+30,"Due Soon","Current")))) | BA11: =IF(A11="","",IF(AY11="","",AY11-TODAY()))
AZ12: =IF(A12="","",IF(AY12="","No Date",IF(AY12<TODAY(),"Overdue",IF(AY12<=TODAY()+30,"Due Soon","Current")))) | BA12: =IF(A12="","",IF(AY12="","",AY12-TODAY()))
AZ13: =IF(A13="","",IF(AY13="","No Date",IF(AY13<TODAY(),"Overdue",IF(AY13<=TODAY()+30,"Due Soon","Current")))) | BA13: =IF(A13="","",IF(AY13="","",AY13-TODAY()))
AZ14: =IF(A14="","",IF(AY14="","No Date",IF(AY14<TODAY(),"Overdue",IF(AY14<=TODAY()+30,"Due Soon","Current")))) | BA14: =IF(A14="","",IF(AY14="","",AY14-TODAY()))
AZ15: =IF(A15="","",IF(AY15="","No Date",IF(AY15<TODAY(),"Overdue",IF(AY15<=TODAY()+30,"Due Soon","Current")))) | BA15: =IF(A15="","",IF(AY15="","",AY15-TODAY()))
AZ16: =IF(A16="","",IF(AY16="","No Date",IF(AY16<TODAY(),"Overdue",IF(AY16<=TODAY()+30,"Due Soon","Current")))) | BA16: =IF(A16="","",IF(AY16="","",AY16-TODAY()))
AZ17: =IF(A17="","",IF(AY17="","No Date",IF(AY17<TODAY(),"Overdue",IF(AY17<=TODAY()+30,"Due Soon","Current")))) | BA17: =IF(A17="","",IF(AY17="","",AY17-TODAY()))
AZ18: =IF(A18="","",IF(AY18="","No Date",IF(AY18<TODAY(),"Overdue",IF(AY18<=TODAY()+30,"Due Soon","Current")))) | BA18: =IF(A18="","",IF(AY18="","",AY18-TODAY()))
... AZ104: =IF(A104="","",IF(AY104="","No Date",IF(AY104<TODAY(),"Overdue",IF(AY104<=TODAY()+30,"Due Soon","Current")))) | BA104: =IF(A104="","",IF(AY104="","",AY104-TODAY()))

Sheet Governance Reference
A1: REGULATORY & GOVERNANCE REFERENCE
A2: Reference framework for inventory classification. Legal applicability must be confirmed for the actual deployment jurisdiction and intended use.
A4: Framework / Area | B4: Purpose in Inventory | C4: ANIHG-AI-001 Status | D4: Evidence / Artifact | E4: Governance Function | F4: Applicability Note | G4: Review Trigger | H4: ANIHG-AI-002 Status
A5: ISO/IEC 42001 | B5: AI management-system governance and lifecycle controls | C5: Applicable as governance reference | D5: Inventory; Risk Register; policies; assurance evidence | E5: Governance / control framework | F5: Use applicable clauses/controls; inventory entry alone does not establish conformity | G5: Material system/control change | H5: Governance reference; system registered; no conformity certification claimed
A6: NIST AI RMF | B6: Risk governance across GOVERN, MAP, MEASURE, MANAGE | C6: Applicable as governance reference | D6: Risk Register; validation; monitoring evidence | E6: Risk management framework | F6: Voluntary framework; map evidence to functions | G6: Risk or lifecycle change | H6: Risk register and evaluation evidence documented; clinical deployment NO-GO
A7: Healthcare / Medical AI Regulation | B7: Determine medical-device/clinical AI obligations where applicable | C7: Not formally determined | D7: Future regulatory assessment | E7: Regulatory classification | F7: Depends on jurisdiction, intended purpose, claims and deployment context | G7: Before clinical deployment | H7: Jurisdiction-specific classification pending; no clinical authorization
A8: Privacy / Data Protection | B8: Assess personal/health-data obligations | C8: Assessment required before real deployment | D8: Data governance and privacy evidence | E8: Data governance | F8: Prototype uses de-identified research data; deployment context may change obligations | G8: New data source / identifiable data | H8: Public Train-derived demonstration data; privacy and security assurance for clinical use pending
A9: Clinical Safety & Human Oversight | B9: Maintain meaningful human decision authority | C9: Human review required | D9: Model card; workflow; validation evidence | E9: Safety / oversight | F9: AI output remains advisory in current prototype | G9: Workflow or autonomy change | H9: Human oversight required for any future clinical workflow; none currently authorized

Sheet Field Guide
A1: ANIHG AI SYSTEM INVENTORY — FIELD GUIDE
A3: Field | B3: Question to Answer | C3: Expected Evidence / Entry | D3: Control Type | E3: Governance Note
A4: AI System ID | B4: What is the current, evidence-backed value for ai system id? | C4: Current organizational record or linked supporting evidence | D4: Free text / reference | E4: Do not infer approval, compliance, safety or deployment readiness from completion of this field.
A5: AI System Name | B5: What is the current, evidence-backed value for ai system name? | C5: Current organizational record or linked supporting evidence | D5: Free text / reference | E5: Do not infer approval, compliance, safety or deployment readiness from completion of this field.
A6: Business Purpose / Intended Use | B6: What is the current, evidence-backed value for business purpose / intended use? | C6: Current organizational record or linked supporting evidence | D6: Free text / reference | E6: Do not infer approval, compliance, safety or deployment readiness from completion of this field.
A7: Business Owner | B7: What is the current, evidence-backed value for business owner? | C7: Current organizational record or linked supporting evidence | D7: Free text / reference | E7: Do not infer approval, compliance, safety or deployment readiness from completion of this field.
A8: Technical Owner | B8: What is the current, evidence-backed value for technical owner? | C8: Current organizational record or linked supporting evidence | D8: Free text / reference | E8: Do not infer approval, compliance, safety or deployment readiness from completion of this field.
A9: Team / Function | B9: What is the current, evidence-backed value for team / function? | C9: Current organizational record or linked supporting evidence | D9: Free text / reference | E9: Do not infer approval, compliance, safety or deployment readiness from completion of this field.
A10: Vendor / Build Type | B10: What is the current, evidence-backed value for vendor / build type? | C10: Current organizational record or linked supporting evidence | D10: Controlled dropdown | E10: Do not infer approval, compliance, safety or deployment readiness from completion of this field.
A11: Product / Model / Version | B11: What is the current, evidence-backed value for product / model / version? | C11: Current organizational record or linked supporting evidence | D11: Free text / reference | E11: Do not infer approval, compliance, safety or deployment readiness from completion of this field.
A12: AI Type | B12: What is the current, evidence-backed value for ai type? | C12: Current organizational record or linked supporting evidence | D12: Controlled dropdown | E12: Do not infer approval, compliance, safety or deployment readiness from completion of this field.
A13: Lifecycle Stage | B13: What is the current, evidence-backed value for lifecycle stage? | C13: Current organizational record or linked supporting evidence | D13: Controlled dropdown | E13: Do not infer approval, compliance, safety or deployment readiness from completion of this field.
A14: Deployment Environment | B14: What is the current, evidence-backed value for deployment environment? | C14: Current organizational record or linked supporting evidence | D14: Controlled dropdown | E14: Do not infer approval, compliance, safety or deployment readiness from completion of this field.
... A57: Reassessment Triggers / Notes | B57: What is the current, evidence-backed value for reassessment triggers / notes? | C57: Current organizational record or linked supporting evidence | D57: Free text / reference | E57: Do not infer approval, compliance, safety or deployment readiness from completion of this field.

Sheet Controlled Lists
A1: Controlled Field | B1: Approved Values
A2: Vendor / Build Type | B2: Internal Build
A3: Vendor / Build Type | B3: Third-Party SaaS
A4: Vendor / Build Type | B4: Embedded Vendor Feature
A5: Vendor / Build Type | B5: Open-Source
A6: Vendor / Build Type | B6: Hybrid
A7: Vendor / Build Type | B7: Unknown
A8: AI Type | B8: Predictive Model
A9: AI Type | B9: Classification
A10: AI Type | B10: Generative AI
A11: AI Type | B11: Recommendation
A12: AI Type | B12: Computer Vision
... A105: Monitoring Status | B105: Not Applicable
